Id,Tag
80,flex
80,actionscript-3
80,air
90,svn
90,tortoisesvn
90,branch
90,branching-and-merging
120,sql
120,asp.net
120,sitemap
180,algorithm
180,language-agnostic
180,colors
180,color-space
260,c#
260,.net
260,scripting
260,compiler-construction
330,c++
330,oop
330,class
330,nested-class
470,.net
470,web-services
580,sql-server
580,sql-server-2005
580,deployment
580,release-management
650,c#
650,visual-studio
650,versioning
810,windows
810,visual-studio
810,registry
810,installation
